timestamp,animal,confidence_percent,raw_class_name
2025-11-17T16:56:31,WildBoar,50.17,WildBoar_dang
2025-11-17T16:56:32,WildBoar,91.78,WildBoar_dang
2025-11-17T16:56:33,WildBoar,61.59,WildBoar_dang
2025-11-17T16:56:34,WildBoar,58.73,WildBoar_dang
2025-11-17T16:56:35,WildBoar,87.04,WildBoar_dang
2025-11-17T16:56:36,WildBoar,98.40,WildBoar_dang
2025-11-17T16:56:37,WildBoar,53.86,WildBoar_dang
2025-11-17T16:56:40,WildBoar,55.16,WildBoar_dang
2025-11-17T16:56:41,WildBoar,95.48,WildBoar_dang
2025-11-17T16:56:43,WildBoar,71.41,WildBoar_dang
2025-11-17T16:56:44,WildBoar,87.42,WildBoar_dang
2025-11-17T16:56:45,WildBoar,52.19,WildBoar_dang
2025-11-17T16:56:46,Porcupine,71.81,Porcupine_dang
2025-11-17T16:56:47,Porcupine,65.21,Porcupine_dang
2025-11-17T16:56:49,GiantSquirrel,50.25,GiantSquirrel_dang
2025-11-17T16:56:52,WildBoar,50.22,WildBoar_dang
2025-11-17T16:56:53,WildBoar,68.09,WildBoar_dang
2025-11-17T16:56:54,Porcupine,55.34,Porcupine_dang
2025-11-17T16:56:55,Porcupine,60.43,Porcupine_dang
2025-11-17T16:57:02,WildBoar,76.93,WildBoar_dang
2025-11-17T16:57:03,GiantSquirrel,53.66,GiantSquirrel_dang
2025-11-17T16:57:04,WildBoar,78.91,WildBoar_dang
2025-11-17T16:57:05,peacock,72.50,peacock_dang
2025-11-17T16:57:06,peacock,50.36,peacock_dang
2025-11-17T16:57:07,peacock,52.23,peacock_dang
2025-11-17T16:57:08,peacock,67.88,peacock_dang
2025-11-17T16:57:09,peacock,51.71,peacock_dang
2025-11-17T16:57:11,WildBoar,55.80,WildBoar_dang
2025-11-17T16:57:12,Porcupine,55.34,Porcupine_dang
2025-11-17T16:57:14,Porcupine,50.46,Porcupine_dang
2025-11-17T16:57:15,WildBoar,74.41,WildBoar_dang
2025-11-17T16:57:16,peacock,52.95,peacock_dang
2025-11-17T16:57:17,peacock,94.10,peacock_dang
2025-11-17T16:57:18,peacock,78.69,peacock_dang
2025-11-17T16:57:28,WildBoar,71.11,WildBoar_dang
2025-11-17T16:57:29,GiantSquirrel,64.79,GiantSquirrel_dang
2025-11-17T16:57:31,GiantSquirrel,55.53,GiantSquirrel_dang
2025-11-17T16:57:32,WildBoar,79.59,WildBoar_dang
2025-11-17T16:57:34,WildBoar,52.57,WildBoar_dang
2025-11-17T16:57:35,Porcupine,66.75,Porcupine_dang
2025-11-17T16:57:36,Porcupine,56.05,Porcupine_dang
2025-11-17T16:57:37,Porcupine,66.53,Porcupine_dang
2025-11-17T16:57:38,Porcupine,58.14,Porcupine_dang
2025-11-17T16:57:39,WildBoar,55.74,WildBoar_dang
2025-11-17T17:06:50,WildBoar,85.16,WildBoar_dang
2025-11-17T17:06:51,WildBoar,56.05,WildBoar_dang
2025-11-17T17:06:52,GiantSquirrel,92.23,GiantSquirrel_dang
2025-11-17T17:06:54,GiantSquirrel,92.49,GiantSquirrel_dang
2025-11-17T17:06:55,peacock,50.41,peacock_dang
2025-11-17T17:06:56,WildBoar,59.78,WildBoar_dang
2025-11-17T17:06:57,WildBoar,57.46,WildBoar_dang
2025-11-17T17:06:58,Porcupine,95.93,Porcupine_dang
2025-11-17T17:06:59,Porcupine,92.13,Porcupine_dang
2025-11-17T17:07:00,WildBoar,67.15,WildBoar_dang
2025-11-17T17:07:01,WildBoar,78.95,WildBoar_dang
2025-11-17T17:07:02,Porcupine,69.03,Porcupine_dang
2025-11-17T17:07:03,peacock,96.14,peacock_dang
2025-11-17T17:07:13,WildBoar,90.79,WildBoar_dang
2025-11-17T17:07:14,WildBoar,61.89,WildBoar_dang
2025-11-17T17:07:15,WildBoar,99.53,WildBoar_dang
2025-11-17T17:07:16,WildBoar,97.45,WildBoar_dang
2025-11-17T17:07:17,Elephant,93.17,Elephant_dang
2025-11-17T17:07:18,Elephant,95.08,Elephant_dang
2025-11-17T17:07:19,Elephant,97.34,Elephant_dang
2025-11-17T17:07:20,Elephant,77.85,Elephant_dang
2025-11-17T17:07:33,peacock,87.22,peacock_dang
2025-11-17T17:07:34,GiantSquirrel,59.19,GiantSquirrel_dang
2025-11-17T17:07:35,peacock,76.49,peacock_dang
2025-11-17T17:07:36,Elephant,66.09,Elephant_dang
2025-11-17T17:07:37,Elephant,61.29,Elephant_dang
2025-11-17T17:07:38,peacock,85.85,peacock_dang
2025-11-17T17:07:39,peacock,96.31,peacock_dang
2025-11-17T17:07:40,peacock,99.75,peacock_dang
2025-11-17T17:07:41,peacock,99.96,peacock_dang
2025-11-17T17:07:42,peacock,100.00,peacock_dang
2025-11-17T17:07:43,peacock,66.85,peacock_dang
2025-11-17T17:07:44,peacock,87.74,peacock_dang
2025-11-17T17:07:45,peacock,75.89,peacock_dang
2025-11-17T17:07:46,peacock,84.30,peacock_dang
2025-11-17T17:07:47,WildBoar,60.70,WildBoar_dang
2025-11-17T17:07:48,peacock,52.90,peacock_dang
2025-11-17T17:07:50,peacock,62.53,peacock_dang
2025-11-17T22:44:48,WildBoar,50.83,WildBoar_dang
2025-11-17T22:45:01,peacock,94.17,peacock_dang
2025-11-17T22:45:02,peacock,99.77,peacock_dang
2025-11-17T22:45:03,peacock,99.99,peacock_dang
2025-11-17T22:45:04,peacock,100.00,peacock_dang
2025-11-17T22:45:06,peacock,76.93,peacock_dang
2025-11-17T22:45:07,peacock,88.62,peacock_dang
2025-11-17T22:45:19,WildBoar,83.70,WildBoar_dang
2025-11-17T22:45:20,WildBoar,79.03,WildBoar_dang
2025-11-17T22:45:21,WildBoar,98.24,WildBoar_dang
2025-11-17T22:45:22,WildBoar,99.45,WildBoar_dang
2025-11-17T22:45:23,WildBoar,99.38,WildBoar_dang
2025-11-17T22:45:24,WildBoar,77.34,WildBoar_dang
2025-11-17T22:45:25,WildBoar,93.90,WildBoar_dang
2025-11-17T22:45:27,WildBoar,66.88,WildBoar_dang
2025-11-17T22:45:28,WildBoar,59.99,WildBoar_dang
2025-11-17T22:45:29,WildBoar,80.17,WildBoar_dang
2025-11-17T22:45:30,WildBoar,69.74,WildBoar_dang
2025-11-17T22:45:31,WildBoar,61.01,WildBoar_dang
2025-11-17T22:45:32,WildBoar,56.77,WildBoar_dang
2025-11-17T22:45:33,WildBoar,97.76,WildBoar_dang
2025-11-17T22:45:34,WildBoar,97.75,WildBoar_dang
2025-11-17T22:45:35,WildBoar,81.61,WildBoar_dang
2025-11-17T22:45:36,WildBoar,70.41,WildBoar_dang
2025-11-17T22:45:37,WildBoar,99.98,WildBoar_dang
2025-11-17T22:45:38,WildBoar,89.39,WildBoar_dang
2025-11-17T22:45:39,WildBoar,75.17,WildBoar_dang
2025-11-17T22:45:40,GiantSquirrel,56.32,GiantSquirrel_dang
2025-11-17T22:45:41,WildBoar,53.20,WildBoar_dang
2025-11-17T22:45:42,WildBoar,96.57,WildBoar_dang
2025-11-17T22:45:43,WildBoar,51.91,WildBoar_dang
2025-11-17T22:45:44,WildBoar,98.86,WildBoar_dang
2025-11-17T22:45:45,peacock,72.75,peacock_dang
2025-11-17T22:45:50,peacock,84.29,peacock_dang
2025-11-17T22:45:51,WildBoar,67.04,WildBoar_dang
2025-11-17T22:45:52,WildBoar,98.37,WildBoar_dang
2025-11-17T22:45:53,WildBoar,100.00,WildBoar_dang
2025-11-17T22:45:56,WildBoar,86.77,WildBoar_dang
2025-11-17T22:45:57,WildBoar,57.00,WildBoar_dang
2025-11-17T22:45:58,WildBoar,66.26,WildBoar_dang
2025-11-17T22:45:59,WildBoar,73.59,WildBoar_dang
2025-11-17T22:46:00,WildBoar,67.76,WildBoar_dang
2025-11-17T22:46:01,Elephant,74.77,Elephant_dang
2025-11-17T22:46:02,Elephant,73.31,Elephant_dang
2025-11-17T22:46:04,Elephant,95.78,Elephant_dang
2025-11-17T23:18:28,WildBoar,56.28,WildBoar_dang
2025-11-17T23:18:29,Elephant,96.72,Elephant_dang
2025-11-17T23:18:30,WildBoar,50.19,WildBoar_dang
2025-11-17T23:18:31,WildBoar,53.06,WildBoar_dang
2025-11-17T23:18:32,WildBoar,96.13,WildBoar_dang
2025-11-17T23:18:33,WildBoar,98.20,WildBoar_dang
2025-11-17T23:18:34,Elephant,76.18,Elephant_dang
2025-11-17T23:18:35,Elephant,97.36,Elephant_dang
2025-11-17T23:18:41,WildBoar,96.54,WildBoar_dang
2025-11-17T23:18:42,WildBoar,88.56,WildBoar_dang
2025-11-17T23:18:43,Porcupine,50.44,Porcupine_dang
2025-11-17T23:18:44,WildBoar,71.88,WildBoar_dang
2025-11-17T23:18:45,Porcupine,52.51,Porcupine_dang
2025-11-17T23:18:46,WildBoar,67.74,WildBoar_dang
2025-11-17T23:18:47,WildBoar,61.26,WildBoar_dang
2025-11-17T23:18:48,WildBoar,62.92,WildBoar_dang
2025-11-17T23:18:49,WildBoar,71.18,WildBoar_dang
2025-11-17T23:18:50,WildBoar,61.82,WildBoar_dang
2025-11-17T23:19:04,WildBoar,82.69,WildBoar_dang
2025-11-17T23:19:05,Porcupine,64.75,Porcupine_dang
2025-11-17T23:19:08,Porcupine,56.37,Porcupine_dang
2025-11-17T23:19:09,Porcupine,76.53,Porcupine_dang
2025-11-17T23:19:10,Porcupine,63.94,Porcupine_dang
2025-11-17T23:19:13,Porcupine,50.30,Porcupine_dang
2025-11-17T23:19:14,Porcupine,78.16,Porcupine_dang
2025-11-17T23:19:15,Porcupine,55.08,Porcupine_dang
2025-11-17T23:19:16,WildBoar,86.97,WildBoar_dang
2025-11-17T23:19:31,WildBoar,76.80,WildBoar_dang
2025-11-17T23:19:32,WildBoar,50.34,WildBoar_dang
2025-11-17T23:19:33,GiantSquirrel,80.13,GiantSquirrel_dang
2025-11-17T23:19:34,GiantSquirrel,59.11,GiantSquirrel_dang
2025-11-17T23:19:39,WildBoar,57.11,WildBoar_dang
2025-11-17T23:19:42,GiantSquirrel,60.42,GiantSquirrel_dang
2025-11-17T23:19:43,peacock,68.52,peacock_dang
2025-11-17T23:19:44,peacock,55.78,peacock_dang
2025-11-17T23:19:45,peacock,52.68,peacock_dang
2025-11-17T23:19:46,peacock,52.65,peacock_dang
2025-11-17T23:19:47,GiantSquirrel,79.88,GiantSquirrel_dang
2025-11-17T23:19:48,GiantSquirrel,59.01,GiantSquirrel_dang
2025-11-17T23:19:49,GiantSquirrel,50.71,GiantSquirrel_dang
2025-11-17T23:19:51,peacock,62.00,peacock_dang
2025-11-17T23:19:52,peacock,90.20,peacock_dang
2025-11-18T16:17:32,WildBoar,50.57,WildBoar_dang
2025-11-18T16:17:40,Rilawa,50.23,Rilawa_dang
2025-11-18T16:17:41,Rilawa,51.00,Rilawa_dang
2025-11-18T16:17:44,Rilawa,53.07,Rilawa_dang
2025-11-18T16:17:48,WildBoar,55.97,WildBoar_dang
2025-11-18T16:17:49,peacock,57.70,peacock_dang
2025-11-18T16:17:50,WildBoar,52.77,WildBoar_dang
2025-11-18T16:17:51,Porcupine,99.14,Porcupine_dang
2025-11-18T16:17:52,Porcupine,99.98,Porcupine_dang
2025-11-18T16:17:53,WildBoar,56.83,WildBoar_dang
2025-11-18T16:18:09,WildBoar,82.54,WildBoar_dang
2025-11-18T16:18:10,Elephant,55.99,Elephant_dang
2025-11-18T16:18:11,Elephant,99.38,Elephant_dang
2025-11-18T16:18:12,Elephant,97.85,Elephant_dang
2025-11-18T16:18:18,WildBoar,50.10,WildBoar_dang
2025-11-18T16:18:19,WildBoar,81.11,WildBoar_dang
2025-11-18T16:18:20,WildBoar,91.26,WildBoar_dang
2025-11-18T16:18:21,WildBoar,52.98,WildBoar_dang
2025-11-18T16:18:22,WildBoar,77.25,WildBoar_dang
2025-11-18T16:18:23,WildBoar,92.72,WildBoar_dang
2025-11-18T16:18:24,WildBoar,51.44,WildBoar_dang
2025-11-18T16:18:25,WildBoar,64.80,WildBoar_dang
2025-11-18T16:18:26,Elephant,50.04,Elephant_dang
2025-11-18T16:18:42,WildBoar,67.14,WildBoar_dang
2025-11-18T16:18:43,WildBoar,59.81,WildBoar_dang
2025-11-18T16:18:44,WildBoar,76.37,WildBoar_dang
2025-11-18T16:18:45,WildBoar,55.60,WildBoar_dang
2025-11-18T16:18:46,WildBoar,98.37,WildBoar_dang
2025-11-18T16:18:47,WildBoar,86.53,WildBoar_dang
2025-11-18T16:18:59,WildBoar,61.59,WildBoar_dang
2025-11-18T16:19:00,GiantSquirrel,59.51,GiantSquirrel_dang
2025-11-18T16:19:01,GiantSquirrel,66.53,GiantSquirrel_dang
2025-11-18T16:19:02,peacock,53.62,peacock_dang
2025-11-18T16:19:03,peacock,54.75,peacock_dang
2025-11-18T16:19:04,peacock,96.72,peacock_dang
2025-11-18T16:19:05,peacock,60.37,peacock_dang
2025-11-18T16:19:15,WildBoar,58.88,WildBoar_dang
2025-11-18T16:19:19,WildBoar,50.28,WildBoar_dang
2025-11-18T16:19:24,WildBoar,52.57,WildBoar_dang
2025-11-18T16:19:26,WildBoar,51.19,WildBoar_dang
2025-11-18T16:19:27,WildBoar,84.27,WildBoar_dang
2025-11-18T16:19:28,WildBoar,82.85,WildBoar_dang
2025-11-18T16:19:29,WildBoar,77.46,WildBoar_dang
2025-11-18T16:19:32,WildBoar,51.80,WildBoar_dang
2025-11-18T16:19:34,WildBoar,50.17,WildBoar_dang
2025-11-18T16:19:37,Elephant,62.73,Elephant_dang
2025-11-18T16:19:38,WildBoar,56.99,WildBoar_dang
2025-11-18T16:19:42,WildBoar,52.87,WildBoar_dang
2025-11-18T16:19:47,WildBoar,90.83,WildBoar_dang
2025-11-18T16:19:48,WildBoar,77.55,WildBoar_dang
2025-11-18T16:19:56,WildBoar,56.36,WildBoar_dang
2025-11-18T16:19:57,WildBoar,87.92,WildBoar_dang
2025-11-18T16:19:58,WildBoar,60.06,WildBoar_dang
2025-11-18T16:20:03,WildBoar,56.97,WildBoar_dang
2025-11-18T16:20:04,WildBoar,90.41,WildBoar_dang
2025-11-18T16:20:08,WildBoar,55.63,WildBoar_dang
2025-11-18T16:20:11,WildBoar,53.33,WildBoar_dang
2025-11-18T16:20:13,WildBoar,50.42,WildBoar_dang
2025-11-18T16:20:15,WildBoar,56.31,WildBoar_dang
2025-11-18T16:20:17,WildBoar,50.03,WildBoar_dang
2025-11-18T16:20:19,WildBoar,56.31,WildBoar_dang
2025-11-18T16:20:20,WildBoar,54.91,WildBoar_dang
2025-11-18T16:20:21,WildBoar,52.40,WildBoar_dang
2025-11-18T16:20:22,WildBoar,54.67,WildBoar_dang
2025-11-18T16:20:25,WildBoar,53.81,WildBoar_dang
2025-11-18T16:20:26,WildBoar,83.83,WildBoar_dang
2025-11-18T16:20:27,WildBoar,73.58,WildBoar_dang
2025-11-18T16:20:28,Porcupine,92.65,Porcupine_dang
2025-11-18T16:20:29,Porcupine,97.70,Porcupine_dang
2025-11-18T16:20:30,Porcupine,88.76,Porcupine_dang
2025-11-18T16:20:31,peacock,58.04,peacock_dang
2025-11-18T16:20:34,WildBoar,53.51,WildBoar_dang
2025-11-18T16:20:39,WildBoar,61.51,WildBoar_dang
2025-11-18T16:20:40,WildBoar,89.80,WildBoar_dang
2025-11-18T16:20:41,WildBoar,70.86,WildBoar_dang
2025-11-18T16:20:42,WildBoar,54.01,WildBoar_dang
2025-11-18T21:47:39,Elephant,66.68,Elephant_dang
2025-11-18T21:47:40,Elephant,85.81,Elephant_dang
2025-11-18T21:47:41,Elephant,66.42,Elephant_dang
2025-11-18T21:47:43,Elephant,66.54,Elephant_dang
2025-11-18T21:51:42,Elephant,82.63,Elephant_dang
2025-11-18T21:51:43,Elephant,88.16,Elephant_dang
2025-11-18T21:51:44,Elephant,64.08,Elephant_dang
2025-11-18T21:51:51,WildBoar,53.60,WildBoar_dang
2025-11-18T21:51:52,Elephant,53.48,Elephant_dang
2025-11-18T21:51:53,Elephant,51.44,Elephant_dang
2025-11-18T21:51:58,Elephant,50.73,Elephant_dang
2025-11-18T21:52:04,Elephant,86.98,Elephant_dang
2025-11-18T21:52:06,WildBoar,62.22,WildBoar_dang
2025-11-18T21:52:07,Elephant,61.91,Elephant_dang
2025-11-18T21:52:08,Elephant,53.48,Elephant_dang
2025-11-18T21:52:11,Elephant,52.62,Elephant_dang
2025-11-18T21:52:14,Rilawa,58.08,Rilawa_dang
2025-11-18T21:52:15,Rilawa,75.82,Rilawa_dang
2025-11-18T21:52:16,Rilawa,68.15,Rilawa_dang
2025-11-18T21:52:17,Rilawa,86.97,Rilawa_dang
2025-11-18T21:52:18,peacock,57.84,peacock_dang
2025-11-18T21:52:21,Elephant,58.53,Elephant_dang
2025-11-18T21:52:22,Elephant,51.21,Elephant_dang
2025-11-18T21:52:26,WildBoar,52.48,WildBoar_dang
2025-11-18T21:52:28,Elephant,53.60,Elephant_dang
2025-11-18T21:52:29,Elephant,55.39,Elephant_dang
2025-11-18T21:52:30,WildBoar,50.49,WildBoar_dang
2025-11-18T21:52:31,Elephant,62.01,Elephant_dang
2025-11-18T21:52:32,Elephant,82.82,Elephant_dang
2025-11-18T21:52:33,Elephant,59.68,Elephant_dang
2025-11-18T21:52:35,WildBoar,60.95,WildBoar_dang
2025-11-18T21:52:38,Rilawa,52.16,Rilawa_dang
2025-11-18T21:52:39,Rilawa,86.56,Rilawa_dang
2025-11-18T21:52:40,Elephant,76.54,Elephant_dang
2025-11-18T21:52:41,Elephant,86.75,Elephant_dang
2025-11-18T21:52:42,Elephant,93.31,Elephant_dang
2025-11-18T21:52:43,Elephant,88.24,Elephant_dang
2025-11-18T21:52:44,Elephant,63.56,Elephant_dang
2025-11-18T21:52:45,Elephant,58.75,Elephant_dang
2025-11-18T21:52:46,Elephant,77.17,Elephant_dang
2025-11-18T21:52:48,Rilawa,63.11,Rilawa_dang
2025-11-18T21:52:49,Rilawa,75.05,Rilawa_dang
2025-11-18T21:52:50,Rilawa,56.49,Rilawa_dang
2025-11-18T21:52:51,WildBoar,56.04,WildBoar_dang
2025-11-18T21:53:03,WildBoar,63.63,WildBoar_dang
2025-11-18T21:53:06,WildBoar,52.32,WildBoar_dang
2025-11-19T19:51:23,WildBoar,56.52,WildBoar_dang
2025-11-19T19:51:25,WildBoar,52.40,WildBoar_dang
2025-11-19T19:51:27,WildBoar,54.13,WildBoar_dang
2025-11-19T19:51:28,WildBoar,58.33,WildBoar_dang
2025-11-19T19:51:29,WildBoar,62.90,WildBoar_dang
2025-11-19T19:51:30,WildBoar,57.83,WildBoar_dang
2025-11-19T19:51:43,WildBoar,50.85,WildBoar_dang
2025-11-19T19:51:45,WildBoar,51.77,WildBoar_dang
2025-11-19T19:51:46,WildBoar,58.42,WildBoar_dang
2025-11-19T19:51:47,WildBoar,62.96,WildBoar_dang
2025-11-19T19:51:48,WildBoar,65.64,WildBoar_dang
2025-11-19T19:51:49,WildBoar,65.48,WildBoar_dang
2025-11-19T19:51:50,WildBoar,77.35,WildBoar_dang
2025-11-19T19:51:52,WildBoar,50.02,WildBoar_dang
2025-11-19T19:51:56,WildBoar,57.70,WildBoar_dang
2025-11-19T19:51:57,WildBoar,60.85,WildBoar_dang
2025-11-19T19:51:58,Elephants,51.14,Elephants_dang
2025-11-19T19:52:06,WildBoar,50.47,WildBoar_dang
2025-11-19T19:52:07,WildBoar,53.32,WildBoar_dang
2025-11-19T19:52:08,Elephants,56.83,Elephants_dang
2025-11-19T19:52:10,WildBoar,60.69,WildBoar_dang
2025-11-19T19:52:11,WildBoar,51.62,WildBoar_dang
2025-11-19T19:52:12,WildBoar,89.21,WildBoar_dang
2025-11-19T19:52:13,Elephants,50.39,Elephants_dang
2025-11-19T19:52:14,WildBoar,52.42,WildBoar_dang
2025-11-19T19:52:15,Elephants,52.06,Elephants_dang
2025-11-19T19:52:16,Elephants,84.79,Elephants_dang
2025-11-19T19:52:17,Elephants,85.17,Elephants_dang
2025-11-19T19:52:18,WildBoar,84.71,WildBoar_dang
2025-11-19T19:52:24,WildBoar,58.20,WildBoar_dang
2025-11-19T19:52:25,WildBoar,61.98,WildBoar_dang
2025-11-19T19:52:26,WildBoar,75.46,WildBoar_dang
2025-11-19T19:52:43,WildBoar,52.49,WildBoar_dang
2025-11-19T19:52:47,WildBoar,51.51,WildBoar_dang
2025-11-19T19:52:48,WildBoar,51.59,WildBoar_dang
2025-11-19T19:52:49,WildBoar,62.42,WildBoar_dang
2025-11-19T19:52:51,WildBoar,69.93,WildBoar_dang
2025-11-19T19:52:52,WildBoar,69.01,WildBoar_dang
2025-11-19T19:52:53,WildBoar,74.03,WildBoar_dang
2025-11-19T19:52:54,WildBoar,50.00,WildBoar_dang
2025-11-19T19:52:55,WildBoar,50.70,WildBoar_dang
2025-11-19T19:52:56,WildBoar,61.29,WildBoar_dang
2025-11-19T19:52:57,Elephants,52.29,Elephants_dang
2025-11-19T19:52:58,WildBoar,83.17,WildBoar_dang
2025-11-19T19:52:59,WildBoar,65.42,WildBoar_dang
2025-11-19T19:53:00,WildBoar,59.59,WildBoar_dang
2025-11-19T19:59:40,Elephants,60.21,Elephants_dang
2025-11-19T19:59:41,Elephants,65.72,Elephants_dang
2025-11-19T19:59:42,Toque_Macaque,69.77,Toque_Macaque_dang
2025-11-19T19:59:43,Elephants,58.02,Elephants_dang
2025-11-19T19:59:44,Elephants,86.19,Elephants_dang
2025-11-19T19:59:53,Toque_Macaque,54.61,Toque_Macaque_dang
2025-11-19T19:59:55,Elephants,60.74,Elephants_dang
2025-11-19T19:59:56,Elephants,94.75,Elephants_dang
2025-11-19T19:59:57,GiantSquirrel,62.57,GiantSquirrel_dang
2025-11-19T20:00:00,Toque_Macaque,50.82,Toque_Macaque_dang
2025-11-19T20:00:02,Toque_Macaque,53.91,Toque_Macaque_dang
2025-11-19T20:00:03,Elephants,66.99,Elephants_dang
2025-11-19T20:00:04,Elephants,52.04,Elephants_dang
2025-11-19T20:00:05,Elephants,55.29,Elephants_dang
2025-11-19T20:00:10,GiantSquirrel,59.04,GiantSquirrel_dang
2025-11-19T20:00:11,Elephants,52.42,Elephants_dang
2025-11-19T20:00:12,Elephants,59.04,Elephants_dang
2025-11-19T20:00:13,Elephants,60.64,Elephants_dang
2025-11-19T20:00:14,Elephants,68.07,Elephants_dang
2025-11-19T20:00:15,GiantSquirrel,70.11,GiantSquirrel_dang
2025-11-19T20:00:17,Toque_Macaque,50.21,Toque_Macaque_dang
2025-11-19T20:00:19,Elephants,59.55,Elephants_dang
2025-11-19T20:00:20,Elephants,77.10,Elephants_dang
2025-11-19T20:00:21,Elephants,91.39,Elephants_dang
2025-11-19T20:00:22,Elephants,96.90,Elephants_dang
2025-11-19T20:00:23,GiantSquirrel,51.68,GiantSquirrel_dang
2025-11-19T20:00:24,GiantSquirrel,52.10,GiantSquirrel_dang
2025-11-19T20:00:29,GiantSquirrel,58.31,GiantSquirrel_dang
2025-11-19T20:00:30,GiantSquirrel,51.15,GiantSquirrel_dang
2025-11-19T20:00:31,GiantSquirrel,52.73,GiantSquirrel_dang
2025-11-19T20:00:34,GiantSquirrel,53.77,GiantSquirrel_dang
2025-11-19T20:00:36,Porcupine,51.57,Porcupine_dang
2025-11-19T20:00:37,Elephants,58.46,Elephants_dang
2025-11-19T20:00:38,Elephants,53.39,Elephants_dang
2025-11-19T20:00:39,Porcupine,70.97,Porcupine_dang
2025-11-19T20:00:40,Elephants,65.21,Elephants_dang
2025-11-19T20:00:41,Elephants,54.17,Elephants_dang
2025-11-19T20:00:42,GiantSquirrel,57.55,GiantSquirrel_dang
2025-11-19T20:00:43,GiantSquirrel,56.76,GiantSquirrel_dang
2025-11-19T20:00:46,GiantSquirrel,56.72,GiantSquirrel_dang
2025-11-19T20:00:48,Toque_Macaque,51.02,Toque_Macaque_dang
2025-11-19T20:01:03,Toque_Macaque,53.11,Toque_Macaque_dang
2025-11-19T20:01:05,Toque_Macaque,54.62,Toque_Macaque_dang
2025-11-19T20:01:06,Elephants,52.28,Elephants_dang
2025-11-19T20:01:07,Elephants,61.57,Elephants_dang
2025-11-19T20:01:08,Elephants,51.58,Elephants_dang
2025-11-19T20:01:09,Elephants,55.29,Elephants_dang
2025-11-19T20:01:11,Toque_Macaque,76.65,Toque_Macaque_dang
2025-11-19T20:01:12,Elephants,62.07,Elephants_dang
2025-11-19T20:01:14,Elephants,71.42,Elephants_dang
2025-11-19T20:01:15,Elephants,69.74,Elephants_dang
2025-11-19T20:01:29,GiantSquirrel,51.32,GiantSquirrel_dang
2025-11-19T20:01:30,Elephants,65.54,Elephants_dang
2025-11-19T20:01:31,Elephants,53.81,Elephants_dang
2025-11-19T20:01:32,Elephants,83.71,Elephants_dang
2025-11-19T20:01:33,Elephants,90.20,Elephants_dang
2025-11-19T20:01:34,Elephants,56.58,Elephants_dang
2025-11-19T20:01:35,Elephants,52.92,Elephants_dang
2025-11-19T20:01:38,Toque_Macaque,51.90,Toque_Macaque_dang
2025-11-19T20:01:40,GiantSquirrel,60.52,GiantSquirrel_dang
2025-11-19T20:01:41,GiantSquirrel,73.31,GiantSquirrel_dang
2025-11-19T20:01:43,Elephants,60.72,Elephants_dang
2025-11-19T20:01:44,Elephants,53.91,Elephants_dang
2025-11-19T20:01:45,Elephants,54.56,Elephants_dang
2025-11-19T20:01:46,Porcupine,67.51,Porcupine_dang
2025-11-19T20:01:47,Elephants,65.52,Elephants_dang
2025-11-19T20:43:05,Elephants,53.73,Elephants_dang
2025-11-19T20:43:06,Elephants,53.16,Elephants_dang
2025-11-19T20:43:07,Elephants,55.74,Elephants_dang
2025-11-19T20:43:25,Elephants,52.71,Elephants_dang
2025-11-19T20:43:26,Elephants,57.91,Elephants_dang
2025-11-19T20:43:27,Elephants,59.49,Elephants_dang
2025-11-19T20:43:29,Elephants,51.32,Elephants_dang
2025-11-19T20:43:31,Elephants,51.97,Elephants_dang
2025-11-19T20:43:33,Elephants,51.45,Elephants_dang
2025-11-19T20:43:34,peacock,62.00,peacock_dang
2025-11-19T20:43:35,peacock,76.58,peacock_dang
2025-11-19T20:43:36,GiantSquirrel,52.08,GiantSquirrel_dang
2025-11-19T20:43:37,peacock,94.55,peacock_dang
2025-11-19T20:43:44,Elephants,64.42,Elephants_dang
2025-11-19T20:43:45,Elephants,87.80,Elephants_dang
2025-11-19T20:43:46,Elephants,77.69,Elephants_dang
2025-11-19T20:43:47,peacock,98.50,peacock_dang
2025-11-19T20:43:48,peacock,95.96,peacock_dang
2025-11-19T20:43:49,peacock,95.11,peacock_dang
2025-11-19T20:43:50,GiantSquirrel,57.00,GiantSquirrel_dang
2025-11-19T20:43:53,Elephants,50.36,Elephants_dang
2025-11-19T20:43:54,GiantSquirrel,51.95,GiantSquirrel_dang
2025-11-19T20:43:55,GiantSquirrel,63.68,GiantSquirrel_dang
2025-11-19T20:43:56,GiantSquirrel,55.93,GiantSquirrel_dang
2025-11-19T20:43:57,GiantSquirrel,51.13,GiantSquirrel_dang
2025-11-19T20:43:59,peacock,74.77,peacock_dang
2025-11-19T20:44:01,Parrot,50.68,Parrot_dang
2025-11-19T20:44:02,Parrot,61.32,Parrot_dang
2025-11-19T20:44:03,GiantSquirrel,53.33,GiantSquirrel_dang
2025-11-19T20:44:10,Elephants,65.79,Elephants_dang
2025-11-19T20:44:11,Elephants,65.69,Elephants_dang
2025-11-19T20:44:12,Elephants,77.90,Elephants_dang
2025-11-19T20:44:13,peacock,84.97,peacock_dang
2025-11-19T20:44:14,peacock,80.15,peacock_dang
2025-11-19T20:44:15,Porcupine,54.77,Porcupine_dang
2025-11-19T21:25:20,GiantSquirrel,57.04,GiantSquirrel_dang
2025-11-19T21:25:21,GiantSquirrel,56.66,GiantSquirrel_dang
2025-11-19T21:25:25,GiantSquirrel,50.09,GiantSquirrel_dang
2025-11-19T21:25:26,GiantSquirrel,54.16,GiantSquirrel_dang
2025-11-19T21:25:29,Elephants,51.64,Elephants_dang
2025-11-19T21:25:32,GiantSquirrel,51.31,GiantSquirrel_dang
2025-11-19T21:25:33,Elephants,54.21,Elephants_dang
2025-11-19T21:25:34,Porcupine,85.01,Porcupine_dang
2025-11-19T21:25:35,Elephants,83.57,Elephants_dang
2025-11-19T21:25:37,Elephants,69.64,Elephants_dang
2025-11-19T21:25:38,Toque_Macaque,55.17,Toque_Macaque_dang
2025-11-19T21:25:39,Toque_Macaque,55.79,Toque_Macaque_dang
2025-11-19T21:25:40,Elephants,61.78,Elephants_dang
2025-11-19T21:25:41,Elephants,62.54,Elephants_dang
2025-11-19T21:25:43,Elephants,52.81,Elephants_dang
2025-11-19T21:25:44,Parrot,86.49,Parrot_dang
2025-11-19T21:25:46,GiantSquirrel,52.77,GiantSquirrel_dang
2025-11-19T21:25:47,GiantSquirrel,54.63,GiantSquirrel_dang
2025-11-19T21:25:48,Elephants,52.01,Elephants_dang
2025-11-19T21:25:52,GiantSquirrel,54.62,GiantSquirrel_dang
2025-11-19T21:25:53,Peacock1,83.20,Peacock1_dang
2025-11-19T21:25:55,GiantSquirrel,68.44,GiantSquirrel_dang
2025-11-19T21:25:57,Elephants,50.48,Elephants_dang
2025-11-19T21:25:58,Elephants,51.69,Elephants_dang
2025-11-19T21:25:59,Elephants,50.02,Elephants_dang
2025-11-19T21:26:00,Elephants,56.94,Elephants_dang
2025-11-19T21:26:01,Elephants,78.61,Elephants_dang
2025-11-19T21:26:02,Elephants,67.29,Elephants_dang
2025-11-19T21:26:03,Elephants,58.93,Elephants_dang
2025-11-19T21:26:04,Parrot,56.20,Parrot_dang
2025-11-19T21:26:05,Elephants,62.57,Elephants_dang
2025-11-19T21:26:06,Elephants,59.46,Elephants_dang
2025-11-19T21:26:07,Elephants,74.00,Elephants_dang
2025-11-19T21:26:09,Peacock1,51.46,Peacock1_dang
2025-11-19T21:26:10,Elephants,53.59,Elephants_dang
2025-11-19T21:26:11,Elephants,69.17,Elephants_dang
2025-11-19T21:26:12,GiantSquirrel,61.46,GiantSquirrel_dang
2025-11-19T21:26:13,Elephants,52.27,Elephants_dang
2025-11-19T21:26:14,GiantSquirrel,54.02,GiantSquirrel_dang
2025-11-19T21:26:16,Porcupine,66.83,Porcupine_dang
2025-11-19T21:26:17,Porcupine,72.24,Porcupine_dang
2025-11-19T21:26:18,Porcupine,99.07,Porcupine_dang
2025-11-19T21:26:19,Porcupine,73.58,Porcupine_dang
2025-11-19T21:26:20,Rabbit,50.04,Rabbit_dang
2025-11-19T21:26:21,Porcupine,65.94,Porcupine_dang
2025-11-19T21:26:22,Porcupine,87.94,Porcupine_dang
2025-11-19T21:26:23,GiantSquirrel,51.80,GiantSquirrel_dang
2025-11-19T21:26:26,Elephants,57.31,Elephants_dang
2025-11-19T21:26:27,Elephants,56.73,Elephants_dang
2025-11-19T21:26:28,Elephants,54.95,Elephants_dang
2025-11-19T21:26:30,Elephants,51.57,Elephants_dang
2025-11-19T21:26:31,Elephants,52.52,Elephants_dang
2025-11-19T21:26:32,Toque_Macaque,55.03,Toque_Macaque_dang
2025-11-19T21:26:33,Toque_Macaque,68.43,Toque_Macaque_dang
2025-11-19T21:26:34,Toque_Macaque,55.86,Toque_Macaque_dang
2025-11-19T21:26:35,Elephants,51.22,Elephants_dang
2025-11-19T21:26:36,Elephants,53.63,Elephants_dang
2025-11-19T21:26:38,Elephants,50.83,Elephants_dang
2025-11-19T21:26:39,Elephants,60.92,Elephants_dang
2025-11-19T21:26:40,Toque_Macaque,99.36,Toque_Macaque_dang
2025-11-19T21:26:41,Toque_Macaque,99.98,Toque_Macaque_dang
2025-11-19T21:26:42,Elephants,53.53,Elephants_dang
2025-11-19T21:26:44,Toque_Macaque,58.67,Toque_Macaque_dang
2025-11-19T21:26:45,Toque_Macaque,95.76,Toque_Macaque_dang
2025-11-19T21:26:48,GiantSquirrel,65.51,GiantSquirrel_dang
2025-11-19T21:26:49,Toque_Macaque,79.31,Toque_Macaque_dang
2025-11-19T21:26:50,Toque_Macaque,82.18,Toque_Macaque_dang
2025-11-19T21:26:51,Toque_Macaque,64.47,Toque_Macaque_dang
2025-11-19T21:26:52,Elephants,53.07,Elephants_dang
2025-11-19T21:26:54,Elephants,56.45,Elephants_dang
2025-11-19T21:26:55,Elephants,54.78,Elephants_dang
2025-11-19T21:26:56,Elephants,54.14,Elephants_dang
2025-11-19T21:26:57,Elephants,51.49,Elephants_dang
2025-11-19T21:26:58,Elephants,61.23,Elephants_dang
2025-11-19T21:27:00,GiantSquirrel,62.48,GiantSquirrel_dang
2025-11-19T21:27:01,Elephants,52.87,Elephants_dang
2025-11-19T21:27:02,GiantSquirrel,55.67,GiantSquirrel_dang
2025-11-19T21:27:03,GiantSquirrel,55.06,GiantSquirrel_dang
2025-11-19T21:27:04,GiantSquirrel,52.02,GiantSquirrel_dang
2025-11-19T21:27:05,Toque_Macaque,61.33,Toque_Macaque_dang
2025-11-19T21:27:07,Toque_Macaque,58.88,Toque_Macaque_dang
2025-11-19T21:27:08,Toque_Macaque,57.95,Toque_Macaque_dang
2025-11-19T21:27:09,Elephants,55.56,Elephants_dang
2025-11-19T21:27:11,GiantSquirrel,57.19,GiantSquirrel_dang
2025-11-19T21:27:12,Elephants,51.69,Elephants_dang
2025-11-19T21:27:13,Elephants,62.71,Elephants_dang
2025-11-19T21:27:14,GiantSquirrel,75.60,GiantSquirrel_dang
2025-11-19T21:27:15,Toque_Macaque,53.09,Toque_Macaque_dang
2025-11-19T21:27:17,Toque_Macaque,58.21,Toque_Macaque_dang
2025-11-19T21:27:18,Toque_Macaque,52.66,Toque_Macaque_dang
2025-11-19T21:27:20,Elephants,51.85,Elephants_dang
2025-11-19T21:34:30,Elephants,59.34,Elephants_dang
2025-11-19T21:34:31,Elephants,59.63,Elephants_dang
2025-11-19T21:34:32,Elephants,55.49,Elephants_dang
2025-11-19T21:34:33,Elephants,53.32,Elephants_dang
2025-11-19T21:34:34,Elephants,62.19,Elephants_dang
2025-11-19T21:34:35,Elephants,68.30,Elephants_dang
2025-11-19T21:34:36,Elephants,77.62,Elephants_dang
2025-11-19T21:35:20,GiantSquirrel,54.00,GiantSquirrel_dang
2025-11-19T21:35:22,Toque_Macaque,74.46,Toque_Macaque_dang
2025-11-19T21:35:23,Porcupine,59.72,Porcupine_dang
2025-11-19T21:54:23,GiantSquirrel,69.70,GiantSquirrel_dang
2025-11-19T21:54:24,GiantSquirrel,57.84,GiantSquirrel_dang
2025-11-19T21:54:28,Rabbit,74.06,Rabbit_dang
2025-11-19T21:54:29,Rabbit,52.77,Rabbit_dang
2025-11-19T21:54:30,Rabbit,55.59,Rabbit_dang
2025-11-19T21:54:31,Rabbit,52.03,Rabbit_dang
2025-11-19T21:54:59,Peacock1,50.34,Peacock1_dang
2025-11-19T21:55:01,Peacock1,52.06,Peacock1_dang
2025-11-19T21:55:06,GiantSquirrel,50.81,GiantSquirrel_dang
2025-11-19T21:55:23,GiantSquirrel,50.34,GiantSquirrel_dang
2025-11-19T21:55:24,Rabbit,50.35,Rabbit_dang
2025-11-19T21:55:26,Rabbit,69.50,Rabbit_dang
2025-11-19T21:55:27,Rabbit,52.48,Rabbit_dang
2025-11-19T21:55:28,Rabbit,53.96,Rabbit_dang
2025-11-19T21:55:29,Rabbit,68.47,Rabbit_dang
2025-11-19T21:55:34,Rabbit,53.35,Rabbit_dang
2025-11-19T21:55:52,Rabbit,78.29,Rabbit_dang
2025-11-19T21:55:53,Rabbit,54.54,Rabbit_dang
2025-11-19T21:55:54,Rabbit,53.87,Rabbit_dang
2025-11-19T21:56:00,Rabbit,67.26,Rabbit_dang
2025-11-19T21:56:01,Rabbit,50.21,Rabbit_dang
2025-11-19T21:56:03,GiantSquirrel,52.46,GiantSquirrel_dang
2025-11-19T21:56:04,GiantSquirrel,50.07,GiantSquirrel_dang
2025-11-19T21:56:05,Elephants,62.37,Elephants_dang
2025-11-19T21:56:07,Peacock1,66.35,Peacock1_dang
2025-11-19T21:56:09,Rabbit,52.60,Rabbit_dang
2025-11-19T21:56:10,Elephants,52.18,Elephants_dang
2025-11-19T21:56:11,Elephants,62.02,Elephants_dang
2025-11-19T21:56:12,Rabbit,54.81,Rabbit_dang
2025-11-19T21:56:13,Rabbit,52.08,Rabbit_dang
2025-11-19T21:56:14,Rabbit,65.32,Rabbit_dang
2025-11-19T21:56:15,Rabbit,51.41,Rabbit_dang
2025-11-19T21:56:16,Rabbit,53.22,Rabbit_dang
2025-11-19T21:56:17,Rabbit,53.61,Rabbit_dang
2025-11-19T21:56:18,Rabbit,53.55,Rabbit_dang
2025-11-19T21:56:19,Rabbit,55.30,Rabbit_dang
2025-11-19T21:56:21,Rabbit,53.07,Rabbit_dang
2025-11-19T21:56:23,GiantSquirrel,54.39,GiantSquirrel_dang
2025-11-19T21:56:24,Rabbit,61.52,Rabbit_dang
2025-11-19T21:56:25,Elephants,51.60,Elephants_dang
2025-11-19T21:56:26,Elephants,50.09,Elephants_dang
2025-11-19T21:56:28,Elephants,51.92,Elephants_dang
2025-11-19T21:56:29,Rabbit,61.36,Rabbit_dang
2025-11-19T21:56:30,Rabbit,53.26,Rabbit_dang
2025-11-19T21:56:31,Rabbit,62.13,Rabbit_dang
2025-11-19T21:56:32,GiantSquirrel,50.73,GiantSquirrel_dang
2025-11-19T21:56:33,GiantSquirrel,58.16,GiantSquirrel_dang
2025-11-19T21:56:34,GiantSquirrel,59.66,GiantSquirrel_dang
2025-11-19T21:56:35,GiantSquirrel,63.39,GiantSquirrel_dang
2025-11-19T21:56:36,Elephants,54.22,Elephants_dang
2025-11-19T21:56:37,Parrot,51.63,Parrot_dang
2025-11-19T21:56:39,Parrot,92.51,Parrot_dang
2025-11-19T21:56:40,Parrot,65.85,Parrot_dang
2025-11-19T21:56:41,Elephants,55.21,Elephants_dang
2025-11-19T21:56:42,Peacock1,54.23,Peacock1_dang
2025-11-19T21:56:48,GiantSquirrel,53.06,GiantSquirrel_dang
2025-11-19T21:56:49,Elephants,63.64,Elephants_dang
2025-11-19T21:56:50,Peacock1,96.98,Peacock1_dang
2025-11-19T21:56:51,Parrot,97.21,Parrot_dang
2025-11-19T21:56:52,Peacock1,55.30,Peacock1_dang
2025-11-19T21:56:53,Parrot,85.98,Parrot_dang
2025-11-19T21:56:54,Peacock1,98.19,Peacock1_dang
2025-11-19T21:56:55,Parrot,99.53,Parrot_dang
2025-11-19T21:56:56,Peacock1,80.80,Peacock1_dang
2025-11-19T21:56:58,GiantSquirrel,51.81,GiantSquirrel_dang
2025-11-19T21:57:00,GiantSquirrel,50.03,GiantSquirrel_dang
2025-11-19T21:57:01,GiantSquirrel,51.92,GiantSquirrel_dang
2025-11-19T22:03:26,Toque_Macaque,66.44,Toque_Macaque_dang
2025-11-19T22:03:30,GiantSquirrel,50.60,GiantSquirrel_dang
2025-11-19T22:03:38,Toque_Macaque,72.64,Toque_Macaque_dang
2025-11-19T22:03:43,Toque_Macaque,57.09,Toque_Macaque_dang
2025-11-19T22:03:45,Toque_Macaque,53.17,Toque_Macaque_dang
2025-11-19T22:03:49,Toque_Macaque,52.40,Toque_Macaque_dang
2025-11-19T22:03:50,Toque_Macaque,50.95,Toque_Macaque_dang
2025-11-19T22:03:51,Toque_Macaque,52.57,Toque_Macaque_dang
2025-11-19T22:03:52,GiantSquirrel,50.03,GiantSquirrel_dang
2025-11-19T22:03:53,GiantSquirrel,98.93,GiantSquirrel_dang
2025-11-19T22:03:54,GiantSquirrel,99.46,GiantSquirrel_dang
2025-11-19T22:03:55,GiantSquirrel,99.91,GiantSquirrel_dang
2025-11-19T22:03:56,GiantSquirrel,97.96,GiantSquirrel_dang
2025-11-19T22:03:57,Toque_Macaque,66.63,Toque_Macaque_dang
2025-11-19T22:05:19,Toque_Macaque,54.18,Toque_Macaque_dang
2025-11-19T22:05:21,Elephants,93.00,Elephants_dang
2025-11-19T22:05:22,Elephants,96.18,Elephants_dang
2025-11-19T22:05:23,Elephants,71.93,Elephants_dang
2025-11-19T22:05:24,Porcupine,66.54,Porcupine_dang
2025-11-19T22:05:25,Toque_Macaque,52.88,Toque_Macaque_dang
2025-11-19T22:05:26,Toque_Macaque,53.37,Toque_Macaque_dang
2025-11-19T22:05:27,Toque_Macaque,58.18,Toque_Macaque_dang
2025-11-19T22:05:29,Toque_Macaque,62.43,Toque_Macaque_dang
2025-11-19T22:05:32,Elephants,54.48,Elephants_dang
2025-11-19T22:05:33,Toque_Macaque,50.08,Toque_Macaque_dang
2025-11-19T22:05:34,Elephants,76.62,Elephants_dang
2025-11-19T22:05:35,Toque_Macaque,82.52,Toque_Macaque_dang
2025-11-19T22:05:36,Toque_Macaque,81.34,Toque_Macaque_dang
2025-11-19T22:05:38,Toque_Macaque,51.42,Toque_Macaque_dang
2025-11-19T22:05:41,Elephants,51.92,Elephants_dang
2025-11-19T22:05:42,Elephants,58.41,Elephants_dang
2025-11-19T22:05:43,Elephants,50.51,Elephants_dang
2025-11-19T22:05:45,Elephants,55.84,Elephants_dang
2025-11-19T22:05:46,Elephants,64.32,Elephants_dang
2025-11-19T22:05:47,Toque_Macaque,60.17,Toque_Macaque_dang
2025-11-19T22:05:48,Toque_Macaque,99.94,Toque_Macaque_dang
2025-11-19T22:05:49,Toque_Macaque,99.98,Toque_Macaque_dang
2025-11-19T22:05:50,Toque_Macaque,100.00,Toque_Macaque_dang
2025-11-19T22:05:51,Toque_Macaque,50.26,Toque_Macaque_dang
2025-11-19T22:05:52,Porcupine,53.57,Porcupine_dang
2025-11-19T22:05:53,Porcupine,58.41,Porcupine_dang
2025-11-19T22:05:55,Porcupine,51.54,Porcupine_dang
2025-11-19T22:05:56,Porcupine,53.66,Porcupine_dang
2025-11-19T22:05:57,Porcupine,53.04,Porcupine_dang
2025-11-19T22:05:59,Porcupine,51.41,Porcupine_dang
2025-11-19T22:06:00,Porcupine,73.99,Porcupine_dang
2025-11-19T22:06:01,Porcupine,53.06,Porcupine_dang
2025-11-19T22:06:10,Toque_Macaque,58.26,Toque_Macaque_dang
2025-11-19T22:06:11,Toque_Macaque,67.14,Toque_Macaque_dang
2025-11-19T22:06:12,Parrot,71.46,Parrot_dang
2025-11-19T22:06:13,Toque_Macaque,58.83,Toque_Macaque_dang
2025-11-19T22:06:16,Elephants,51.01,Elephants_dang
2025-11-19T22:06:18,Elephants,53.08,Elephants_dang
2025-11-19T22:06:20,Toque_Macaque,50.69,Toque_Macaque_dang
2025-11-19T22:06:21,Porcupine,56.20,Porcupine_dang
2025-11-19T22:06:22,Toque_Macaque,56.51,Toque_Macaque_dang
2025-11-19T22:06:23,Toque_Macaque,61.10,Toque_Macaque_dang
2025-11-19T22:06:26,Elephants,53.16,Elephants_dang
2025-11-19T22:06:27,Elephants,51.53,Elephants_dang
2025-11-19T22:06:31,Toque_Macaque,52.70,Toque_Macaque_dang
2025-11-19T22:06:32,Porcupine,68.16,Porcupine_dang
2025-11-19T22:06:33,Peacock1,53.16,Peacock1_dang
2025-11-19T22:06:35,Peacock1,73.26,Peacock1_dang
2025-11-19T22:06:36,Peacock1,67.60,Peacock1_dang
2025-11-19T22:06:37,Peacock1,89.81,Peacock1_dang
2025-11-19T22:06:38,Porcupine,86.11,Porcupine_dang
2025-11-19T22:06:39,Porcupine,61.22,Porcupine_dang
2025-11-19T22:06:40,Peacock1,71.88,Peacock1_dang
2025-11-19T22:06:41,Peacock1,72.35,Peacock1_dang
2025-11-19T22:06:43,Elephants,56.23,Elephants_dang
2025-11-19T22:06:44,Parrot,56.61,Parrot_dang
2025-11-19T22:06:45,Elephants,52.10,Elephants_dang
2025-11-19T22:06:46,Elephants,54.86,Elephants_dang
2025-11-19T22:06:47,Elephants,53.46,Elephants_dang
2025-11-19T22:06:49,Elephants,66.81,Elephants_dang
2025-11-19T22:06:50,Elephants,51.85,Elephants_dang
2025-11-19T22:06:51,Elephants,50.93,Elephants_dang
2025-11-19T22:06:52,Elephants,78.87,Elephants_dang
2025-11-19T22:06:53,Peacock1,64.42,Peacock1_dang
2025-11-19T22:06:54,Elephants,55.14,Elephants_dang
2025-11-19T22:06:55,Toque_Macaque,65.91,Toque_Macaque_dang
2025-11-19T22:06:56,Parrot,50.29,Parrot_dang
2025-11-19T22:06:57,Parrot,96.64,Parrot_dang
2025-11-19T22:06:58,Parrot,62.51,Parrot_dang
2025-11-19T22:07:00,Elephants,63.96,Elephants_dang
2025-11-19T22:07:01,Parrot,67.14,Parrot_dang
2025-11-19T22:07:02,Elephants,74.32,Elephants_dang
2025-11-19T22:07:03,Porcupine,67.15,Porcupine_dang
2025-11-19T22:07:04,Peacock1,55.07,Peacock1_dang
2025-11-19T22:07:05,Peacock1,60.04,Peacock1_dang
2025-11-19T22:07:06,Elephants,62.96,Elephants_dang
2025-11-19T22:07:07,Peacock1,85.58,Peacock1_dang
2025-11-19T22:07:08,Parrot,94.99,Parrot_dang
2025-11-19T22:07:09,Toque_Macaque,53.27,Toque_Macaque_dang
2025-11-19T22:07:10,Toque_Macaque,53.84,Toque_Macaque_dang
2025-11-19T22:07:12,Elephants,57.99,Elephants_dang
2025-11-19T22:07:13,Elephants,61.15,Elephants_dang
2025-11-20T09:41:13,Toque_Macaque,69.16,Toque_Macaque_dang
2025-11-20T09:41:14,Parrot,68.98,Parrot_dang
2025-11-20T09:41:15,Parrot,54.39,Parrot_dang
2025-11-20T09:41:17,Parrot,70.47,Parrot_dang
2025-11-20T09:41:18,Parrot,56.58,Parrot_dang
2025-11-20T09:41:19,Parrot,78.34,Parrot_dang
2025-11-20T09:41:20,Parrot,71.71,Parrot_dang
2025-11-20T09:41:21,Parrot,57.69,Parrot_dang
2025-11-20T09:41:25,Toque_Macaque,53.79,Toque_Macaque_dang
2025-11-20T09:41:26,Toque_Macaque,54.66,Toque_Macaque_dang
2025-11-20T09:41:27,Parrot,57.70,Parrot_dang
2025-11-20T09:41:28,Parrot,89.22,Parrot_dang
2025-11-20T09:41:29,Parrot,62.14,Parrot_dang
2025-11-20T09:41:30,Parrot,52.45,Parrot_dang
2025-11-20T09:56:24,GiantSquirrel,59.22,GiantSquirrel_dang
2025-11-20T09:56:25,Toque_Macaque,50.45,Toque_Macaque_dang
2025-11-20T09:56:30,Parrot,70.25,Parrot_dang
2025-11-20T09:56:32,Toque_Macaque,94.81,Toque_Macaque_dang
2025-11-20T09:56:33,Parrot,99.95,Parrot_dang
2025-11-20T09:56:34,Parrot,99.38,Parrot_dang
2025-11-20T09:56:35,Parrot,87.62,Parrot_dang
2025-11-20T09:56:37,Parrot,55.55,Parrot_dang
2025-11-20T09:56:38,Parrot,98.39,Parrot_dang
2025-11-20T09:56:39,Parrot,98.20,Parrot_dang
2025-11-20T09:56:40,Parrot,72.30,Parrot_dang
2025-11-20T09:56:43,Parrot,53.00,Parrot_dang
2025-11-20T09:56:44,Parrot,60.97,Parrot_dang
2025-11-20T09:56:46,Parrot,56.02,Parrot_dang
2025-11-20T09:59:00,GiantSquirrel,46.87,GiantSquirrel_dang
2025-11-20T09:59:02,GiantSquirrel,58.79,GiantSquirrel_dang
2025-11-20T09:59:03,Toque_Macaque,60.07,Toque_Macaque_dang
2025-11-20T09:59:04,Parrot,76.18,Parrot_dang
2025-11-20T09:59:13,Toque_Macaque,53.95,Toque_Macaque_dang
2025-11-20T09:59:15,Parrot,72.98,Parrot_dang
2025-11-20T09:59:16,Parrot,97.01,Parrot_dang
2025-11-20T10:00:04,Parrot,52.92,Parrot_dang
2025-11-20T10:00:05,Parrot,96.40,Parrot_dang
2025-11-20T10:00:06,Parrot,62.63,Parrot_dang
2025-11-20T10:00:07,Parrot,79.24,Parrot_dang
2025-11-20T10:00:08,Parrot,94.80,Parrot_dang
2025-11-20T10:00:09,Parrot,76.47,Parrot_dang
2025-11-20T10:00:10,Parrot,52.54,Parrot_dang
2025-11-20T10:00:11,Parrot,55.81,Parrot_dang
2025-11-20T10:00:13,Parrot,56.93,Parrot_dang
2025-11-20T10:00:14,Parrot,51.85,Parrot_dang
2025-11-20T10:00:15,Parrot,51.38,Parrot_dang
2025-11-20T10:00:16,Parrot,83.85,Parrot_dang
2025-11-20T10:00:17,Parrot,89.10,Parrot_dang
2025-11-20T10:00:18,Parrot,71.60,Parrot_dang
2025-11-20T10:00:19,Parrot,50.06,Parrot_dang
2025-11-20T10:00:48,Elephants,70.80,Elephants_dang
2025-11-20T10:00:49,Toque_Macaque,86.75,Toque_Macaque_dang
2025-11-20T10:00:52,Toque_Macaque,50.89,Toque_Macaque_dang
2025-11-20T10:00:53,Toque_Macaque,59.49,Toque_Macaque_dang
2025-11-20T10:00:55,Toque_Macaque,66.00,Toque_Macaque_dang
2025-11-20T10:07:58,Toque_Macaque,53.26,Toque_Macaque_dang
2025-11-20T10:07:59,Parrot,35.11,Parrot_dang
2025-11-20T10:08:10,GiantSquirrel,56.50,GiantSquirrel_dang
2025-11-20T10:08:11,GiantSquirrel,85.32,GiantSquirrel_dang
2025-11-20T10:08:12,GiantSquirrel,89.09,GiantSquirrel_dang
2025-11-20T10:08:13,GiantSquirrel,76.16,GiantSquirrel_dang
2025-11-20T10:08:15,GiantSquirrel,61.71,GiantSquirrel_dang
2025-11-20T10:08:16,GiantSquirrel,68.77,GiantSquirrel_dang
2025-11-20T10:08:17,GiantSquirrel,66.76,GiantSquirrel_dang
2025-11-20T10:08:18,GiantSquirrel,62.26,GiantSquirrel_dang
2025-11-20T10:08:19,GiantSquirrel,61.86,GiantSquirrel_dang
2025-11-20T10:09:20,GiantSquirrel,79.44,GiantSquirrel_dang
2025-11-20T10:09:21,GiantSquirrel,67.98,GiantSquirrel_dang
2025-11-20T10:09:24,GiantSquirrel,68.60,GiantSquirrel_dang
2025-11-20T10:09:26,Toque_Macaque,55.09,Toque_Macaque_dang
2025-11-20T10:09:27,Parrot,88.78,Parrot_dang
2025-11-20T10:09:28,Parrot,88.88,Parrot_dang
2025-11-20T10:09:43,Toque_Macaque,53.52,Toque_Macaque_dang
2025-11-20T10:09:45,Elephants,54.41,Elephants_dang
2025-11-20T10:09:46,Elephants,53.23,Elephants_dang
2025-11-20T10:09:50,Toque_Macaque,67.71,Toque_Macaque_dang
2025-11-20T10:09:51,Elephants,74.74,Elephants_dang
2025-11-20T10:09:52,Elephants,94.96,Elephants_dang
2025-11-20T10:09:53,Elephants,68.97,Elephants_dang
2025-11-20T10:09:54,Elephants,54.62,Elephants_dang
2025-11-20T10:09:55,Elephants,51.32,Elephants_dang
2025-11-20T10:09:56,Elephants,64.49,Elephants_dang
2025-11-20T10:09:58,Porcupine,59.39,Porcupine_dang
2025-11-20T10:10:10,Toque_Macaque,51.89,Toque_Macaque_dang
2025-11-20T10:10:11,Toque_Macaque,66.78,Toque_Macaque_dang
2025-11-20T10:10:13,Toque_Macaque,59.98,Toque_Macaque_dang
2025-11-20T10:10:14,Toque_Macaque,56.06,Toque_Macaque_dang
2025-11-20T10:10:18,GiantSquirrel,74.01,GiantSquirrel_dang
2025-11-20T10:11:03,Toque_Macaque,50.64,Toque_Macaque_dang
2025-11-20T10:11:04,Toque_Macaque,76.17,Toque_Macaque_dang
2025-11-20T10:11:05,Toque_Macaque,74.57,Toque_Macaque_dang
2025-11-20T10:11:06,Elephants,75.20,Elephants_dang
2025-11-20T10:11:07,Toque_Macaque,82.39,Toque_Macaque_dang
2025-11-20T10:11:08,Toque_Macaque,51.03,Toque_Macaque_dang
2025-11-20T10:11:09,Elephants,66.01,Elephants_dang
2025-11-20T10:11:15,Toque_Macaque,67.06,Toque_Macaque_dang
2025-11-20T10:11:16,Elephants,73.24,Elephants_dang
2025-11-20T10:11:19,Elephants,58.45,Elephants_dang
2025-11-20T10:11:20,Elephants,53.38,Elephants_dang
2025-11-20T10:11:22,Elephants,78.44,Elephants_dang
2025-11-20T10:11:24,Elephants,52.53,Elephants_dang
2025-11-20T10:11:25,Toque_Macaque,63.56,Toque_Macaque_dang
2025-11-20T10:11:26,Toque_Macaque,95.83,Toque_Macaque_dang
2025-11-20T10:11:27,Elephants,80.82,Elephants_dang
2025-11-20T10:11:29,Toque_Macaque,60.25,Toque_Macaque_dang
2025-11-20T10:12:02,Toque_Macaque,65.82,Toque_Macaque_dang
2025-11-20T10:12:04,Toque_Macaque,61.53,Toque_Macaque_dang
2025-11-20T10:12:05,Elephants,52.13,Elephants_dang
2025-11-20T10:12:06,Toque_Macaque,70.36,Toque_Macaque_dang
2025-11-20T10:12:08,Porcupine,50.17,Porcupine_dang
2025-11-20T10:12:09,Elephants,51.32,Elephants_dang
2025-11-20T10:12:10,Porcupine,51.30,Porcupine_dang
2025-11-20T10:12:12,Porcupine,52.75,Porcupine_dang
2025-11-20T10:12:16,GiantSquirrel,65.61,GiantSquirrel_dang
2025-11-20T10:12:17,Toque_Macaque,67.98,Toque_Macaque_dang
2025-11-20T10:12:18,Toque_Macaque,55.62,Toque_Macaque_dang
2025-11-20T10:12:19,Toque_Macaque,53.61,Toque_Macaque_dang
2025-11-20T10:12:20,Toque_Macaque,60.60,Toque_Macaque_dang
2025-11-20T10:12:22,Toque_Macaque,56.72,Toque_Macaque_dang
2025-11-20T10:12:32,Toque_Macaque,64.89,Toque_Macaque_dang
2025-11-20T10:12:34,Toque_Macaque,51.86,Toque_Macaque_dang
2025-11-20T10:12:35,Toque_Macaque,52.07,Toque_Macaque_dang
2025-11-20T10:12:36,Toque_Macaque,63.54,Toque_Macaque_dang
2025-11-20T10:12:37,Toque_Macaque,78.45,Toque_Macaque_dang
2025-11-20T10:12:38,Toque_Macaque,50.40,Toque_Macaque_dang
2025-11-20T10:12:39,Toque_Macaque,53.64,Toque_Macaque_dang
2025-11-20T10:13:01,Toque_Macaque,52.18,Toque_Macaque_dang
2025-11-20T10:13:02,Toque_Macaque,77.30,Toque_Macaque_dang
2025-11-20T10:13:03,Toque_Macaque,72.18,Toque_Macaque_dang
2025-11-20T10:13:04,Toque_Macaque,94.31,Toque_Macaque_dang
2025-11-20T10:13:05,Toque_Macaque,63.04,Toque_Macaque_dang
2025-11-20T10:13:06,Toque_Macaque,83.85,Toque_Macaque_dang
2025-11-20T10:13:44,Elephants,50.45,Elephants_dang
2025-11-20T10:13:55,Elephants,55.60,Elephants_dang
2025-11-20T10:13:56,Porcupine,56.02,Porcupine_dang
2025-11-20T10:13:57,Elephants,58.75,Elephants_dang
2025-11-20T10:13:59,Elephants,82.73,Elephants_dang
2025-11-20T10:14:00,Elephants,96.25,Elephants_dang
2025-11-20T10:14:01,Elephants,94.59,Elephants_dang
2025-11-20T10:14:22,Elephants,62.15,Elephants_dang
2025-11-20T10:14:23,Elephants,85.54,Elephants_dang
2025-11-20T10:14:24,Elephants,71.48,Elephants_dang
2025-11-20T10:14:33,Elephants,52.24,Elephants_dang
2025-11-20T10:14:34,Elephants,64.39,Elephants_dang
2025-11-20T10:14:35,Elephants,61.63,Elephants_dang
2025-11-20T10:14:36,Elephants,57.86,Elephants_dang
2025-11-20T10:14:37,Elephants,63.40,Elephants_dang
2025-11-20T10:14:42,Elephants,67.21,Elephants_dang
2025-11-20T10:14:43,Elephants,86.62,Elephants_dang
2025-11-20T10:14:44,Elephants,80.50,Elephants_dang
2025-11-20T10:15:38,Elephants,90.32,Elephants_dang
2025-11-20T10:15:45,Elephants,94.45,Elephants_dang
2025-11-20T10:15:46,Elephants,99.73,Elephants_dang
2025-11-20T10:15:56,Elephants,94.15,Elephants_dang
2025-11-20T10:15:58,Elephants,96.16,Elephants_dang
2025-11-20T10:15:59,Elephants,90.53,Elephants_dang
2025-11-20T10:16:00,Elephants,99.41,Elephants_dang
2025-11-20T10:16:10,Elephants,96.71,Elephants_dang
2025-11-20T10:16:39,Elephants,71.68,Elephants_dang
2025-11-20T10:16:40,Elephants,61.56,Elephants_dang
2025-11-20T10:16:42,Elephants,60.15,Elephants_dang
2025-11-20T10:16:43,Elephants,61.02,Elephants_dang
2025-11-20T10:16:44,Elephants,94.13,Elephants_dang
2025-11-20T10:16:45,Elephants,97.93,Elephants_dang
2025-11-20T10:16:51,Elephants,70.92,Elephants_dang
2025-11-20T10:16:52,Elephants,75.50,Elephants_dang
2025-11-20T10:17:21,Elephants,53.54,Elephants_dang
2025-11-20T10:17:22,Elephants,80.57,Elephants_dang
2025-11-20T10:17:23,Elephants,58.23,Elephants_dang
2025-11-20T10:17:24,Elephants,59.69,Elephants_dang
2025-11-20T10:17:25,Elephants,89.50,Elephants_dang
2025-11-20T10:17:59,Elephants,55.75,Elephants_dang
2025-11-20T10:18:00,Elephants,54.41,Elephants_dang
2025-11-20T10:18:01,Elephants,58.54,Elephants_dang
2025-11-20T10:18:07,Elephants,52.57,Elephants_dang
2025-11-20T10:18:08,Elephants,58.86,Elephants_dang
2025-11-20T10:18:15,Elephants,82.68,Elephants_dang
2025-11-20T10:18:16,Elephants,97.13,Elephants_dang
2025-11-20T10:18:17,Elephants,93.89,Elephants_dang
2025-11-20T10:18:18,Elephants,60.63,Elephants_dang
2025-11-20T10:18:19,Elephants,63.57,Elephants_dang
2025-11-20T10:18:20,Elephants,95.04,Elephants_dang
2025-11-20T10:18:32,Elephants,47.55,Elephants_dang
2025-11-20T10:18:33,Elephants,98.10,Elephants_dang
2025-11-20T10:18:34,Elephants,99.06,Elephants_dang
2025-11-20T10:18:42,Porcupine,55.40,Porcupine_dang
2025-11-20T10:18:43,Porcupine,98.81,Porcupine_dang
2025-11-20T10:18:44,Porcupine,59.14,Porcupine_dang
2025-11-20T10:19:38,Parrot,36.06,Parrot_dang
2025-11-20T10:19:41,Parrot,39.55,Parrot_dang
2025-11-20T10:19:42,Parrot,28.33,Parrot_dang
2025-11-20T10:19:43,Peacock1,35.12,Peacock1_dang
2025-11-20T10:19:45,Peacock1,30.54,Peacock1_dang
2025-11-20T10:19:46,Peacock1,40.38,Peacock1_dang
2025-11-20T10:19:47,Peacock1,36.63,Peacock1_dang
2025-11-20T10:19:48,Parrot,39.25,Parrot_dang
2025-11-20T10:19:49,Peacock1,40.75,Peacock1_dang
2025-11-20T10:19:50,Parrot,32.29,Parrot_dang
2025-11-20T10:20:59,GiantSquirrel,63.34,GiantSquirrel_dang
2025-11-20T10:21:01,Parrot,32.94,Parrot_dang
2025-11-20T10:21:03,Toque_Macaque,66.41,Toque_Macaque_dang
2025-11-20T10:21:04,Porcupine,90.44,Porcupine_dang
2025-11-20T10:21:05,Porcupine,56.60,Porcupine_dang
2025-11-20T10:21:06,Peacock1,50.14,Peacock1_dang
2025-11-20T10:21:07,Peacock1,82.96,Peacock1_dang
2025-11-20T10:21:08,Porcupine,77.78,Porcupine_dang
2025-11-20T10:21:09,Peacock1,61.32,Peacock1_dang
2025-11-20T10:21:10,Porcupine,50.66,Porcupine_dang
2025-11-20T10:21:27,GiantSquirrel,61.41,GiantSquirrel_dang
2025-11-20T10:21:44,GiantSquirrel,68.76,GiantSquirrel_dang
2025-11-20T10:21:48,Toque_Macaque,73.01,Toque_Macaque_dang
2025-11-20T10:21:50,Parrot,31.09,Parrot_dang
2025-11-20T10:21:51,Porcupine,51.39,Porcupine_dang
2025-11-20T10:21:52,Porcupine,62.20,Porcupine_dang
2025-11-20T10:21:53,Porcupine,97.57,Porcupine_dang
2025-11-20T10:21:54,Porcupine,97.60,Porcupine_dang
2025-11-20T10:21:55,Porcupine,98.62,Porcupine_dang
2025-11-20T10:21:57,Elephants,75.04,Elephants_dang
2025-11-20T10:21:58,Toque_Macaque,73.38,Toque_Macaque_dang
2025-11-20T10:22:38,Porcupine,55.96,Porcupine_dang
2025-11-20T10:22:39,Porcupine,84.66,Porcupine_dang
2025-11-20T10:22:40,Porcupine,99.00,Porcupine_dang
2025-11-20T10:22:41,Porcupine,99.93,Porcupine_dang
2025-11-20T10:22:43,Elephants,52.48,Elephants_dang
2025-11-20T10:22:44,Elephants,50.42,Elephants_dang
2025-11-20T10:22:45,Elephants,50.39,Elephants_dang
2025-11-20T10:22:46,Porcupine,60.91,Porcupine_dang
2025-11-20T10:26:38,Elephants,55.15,Elephants_dang
2025-11-20T10:26:39,Elephants,87.02,Elephants_dang
2025-11-20T10:26:42,Elephants,47.55,Elephants_dang
2025-11-20T10:27:01,Toque_Macaque,66.93,Toque_Macaque_dang
2025-11-20T10:27:11,Peacock1,30.19,Peacock1_dang
2025-11-20T10:27:28,Toque_Macaque,81.63,Toque_Macaque_dang
2025-11-20T10:27:33,Toque_Macaque,70.70,Toque_Macaque_dang
2025-11-20T10:27:34,Elephants,60.09,Elephants_dang
2025-11-20T10:27:36,Porcupine,55.16,Porcupine_dang
2025-11-20T10:27:39,Elephants,48.86,Elephants_dang
2025-11-20T10:27:56,Elephants,45.82,Elephants_dang
2025-11-20T10:27:57,Elephants,56.17,Elephants_dang
2025-11-20T10:27:58,Elephants,58.47,Elephants_dang
2025-11-20T10:27:59,Elephants,53.58,Elephants_dang
2025-11-20T10:28:00,Elephants,66.40,Elephants_dang
2025-11-20T10:28:02,Elephants,58.88,Elephants_dang
2025-11-20T10:28:03,Elephants,67.36,Elephants_dang
2025-11-20T10:28:06,Elephants,45.42,Elephants_dang
2025-11-20T10:28:07,Elephants,73.72,Elephants_dang
2025-11-20T10:28:08,Elephants,46.66,Elephants_dang
2025-11-20T10:28:16,Elephants,49.74,Elephants_dang
2025-11-20T10:28:17,Elephants,91.51,Elephants_dang
2025-11-20T10:28:18,Elephants,60.60,Elephants_dang
2025-11-20T10:28:20,Elephants,45.49,Elephants_dang
2025-11-20T10:28:21,Elephants,50.24,Elephants_dang
2025-11-20T10:28:37,Elephants,48.23,Elephants_dang
2025-11-20T10:28:38,Elephants,53.91,Elephants_dang
2025-11-20T10:28:39,Elephants,45.88,Elephants_dang
2025-11-20T10:28:40,Parrot,37.22,Parrot_dang
2025-11-20T10:28:41,Parrot,72.56,Parrot_dang
2025-11-20T10:28:42,Parrot,59.52,Parrot_dang
2025-11-20T10:28:53,Elephants,47.56,Elephants_dang
2025-11-20T10:29:21,Elephants,48.72,Elephants_dang
2025-11-20T10:29:22,Elephants,69.03,Elephants_dang
2025-11-20T10:29:24,Elephants,50.44,Elephants_dang
2025-11-20T10:29:25,Parrot,97.39,Parrot_dang
2025-11-20T10:29:26,Parrot,63.25,Parrot_dang
2025-11-20T10:29:27,Parrot,87.91,Parrot_dang
2025-11-20T10:29:31,Parrot,38.59,Parrot_dang
2025-11-20T10:29:32,Parrot,33.64,Parrot_dang
2025-11-20T10:29:37,Parrot,33.01,Parrot_dang
2025-11-20T10:29:38,Parrot,46.67,Parrot_dang
2025-11-20T10:29:39,Parrot,26.68,Parrot_dang
2025-11-20T10:29:41,Elephants,48.66,Elephants_dang
2025-11-20T10:29:43,Parrot,36.54,Parrot_dang
2025-11-20T10:29:44,Parrot,67.29,Parrot_dang
2025-11-20T10:29:45,Parrot,31.04,Parrot_dang
2025-11-20T10:29:46,Parrot,98.21,Parrot_dang
2025-11-20T10:29:47,Parrot,99.78,Parrot_dang
2025-11-20T10:29:48,Parrot,62.79,Parrot_dang
2025-11-20T10:29:49,Toque_Macaque,70.05,Toque_Macaque_dang
2025-11-20T10:29:53,Elephants,47.85,Elephants_dang
2025-11-20T10:29:54,Porcupine,58.46,Porcupine_dang
2025-11-20T10:29:58,Parrot,30.22,Parrot_dang
2025-11-20T10:30:02,Porcupine,54.11,Porcupine_dang
2025-11-20T10:38:16,Elephants,49.12,Elephants_dang
2025-11-20T10:38:17,Elephants,50.82,Elephants_dang
2025-11-20T10:38:18,Elephants,94.09,Elephants_dang
2025-11-20T10:38:35,Toque_Macaque,70.21,Toque_Macaque_dang
2025-11-20T10:38:40,Toque_Macaque,65.01,Toque_Macaque_dang
2025-11-20T10:38:41,Toque_Macaque,65.06,Toque_Macaque_dang
2025-11-20T10:38:42,Toque_Macaque,70.71,Toque_Macaque_dang
2025-11-20T10:38:46,Elephants,49.81,Elephants_dang
2025-11-20T10:38:47,Elephants,56.04,Elephants_dang
2025-11-20T10:38:48,Elephants,83.93,Elephants_dang
2025-11-20T10:39:03,Elephants,50.95,Elephants_dang
2025-11-20T10:39:04,Elephants,50.69,Elephants_dang
2025-11-20T10:39:08,Elephants,51.28,Elephants_dang
2025-11-20T10:39:09,Elephants,45.49,Elephants_dang
2025-11-20T10:39:10,Elephants,48.40,Elephants_dang
2025-11-20T10:39:11,Elephants,60.00,Elephants_dang
2025-11-20T10:39:13,Elephants,95.37,Elephants_dang
2025-11-20T10:39:14,Elephants,63.69,Elephants_dang
2025-11-20T10:39:17,Elephants,47.01,Elephants_dang
2025-11-20T10:39:18,Elephants,47.83,Elephants_dang
2025-11-20T10:39:28,Porcupine,50.50,Porcupine_dang
2025-11-20T10:39:59,Toque_Macaque,65.61,Toque_Macaque_dang
2025-11-20T10:40:01,Elephants,54.33,Elephants_dang
2025-11-20T10:40:02,Elephants,54.04,Elephants_dang
2025-11-20T10:40:03,Elephants,97.49,Elephants_dang
2025-11-20T10:40:13,GiantSquirrel,60.08,GiantSquirrel_dang
2025-11-20T10:40:14,GiantSquirrel,83.73,GiantSquirrel_dang
2025-11-20T10:40:15,GiantSquirrel,80.56,GiantSquirrel_dang
2025-11-20T10:40:16,GiantSquirrel,87.23,GiantSquirrel_dang
2025-11-20T10:40:17,GiantSquirrel,65.53,GiantSquirrel_dang
2025-11-20T10:40:18,GiantSquirrel,91.82,GiantSquirrel_dang
2025-11-20T10:40:19,GiantSquirrel,87.13,GiantSquirrel_dang
2025-11-20T10:40:20,GiantSquirrel,87.66,GiantSquirrel_dang
2025-11-20T10:40:21,Elephants,56.21,Elephants_dang
2025-11-20T10:40:22,Elephants,84.18,Elephants_dang
2025-11-20T10:40:23,GiantSquirrel,92.36,GiantSquirrel_dang
2025-11-20T10:40:24,GiantSquirrel,61.99,GiantSquirrel_dang
2025-11-20T10:40:25,GiantSquirrel,60.49,GiantSquirrel_dang
2025-11-20T10:40:27,GiantSquirrel,55.67,GiantSquirrel_dang
2025-11-20T11:17:30,Toque_Macaque,71.90,Toque_Macaque_dang
2025-11-20T11:17:49,Toque_Macaque,66.67,Toque_Macaque_dang
2025-11-20T11:17:50,Toque_Macaque,66.98,Toque_Macaque_dang
2025-11-20T11:18:38,Toque_Macaque,72.88,Toque_Macaque_dang
2025-11-20T11:18:40,Peacock1,32.61,Peacock1_dang
2025-11-22T10:23:02,Porcupine,94.81,Porcupine_dang
2025-11-22T10:23:12,Peacock1,82.19,Peacock1_dang
2025-11-22T10:23:15,Peacock1,80.71,Peacock1_dang
2025-11-22T15:56:01,Parrot,96.24,Parrot_dang
2025-11-22T15:56:02,ToqueMacaque,61.65,ToqueMacaque_dang
2025-11-22T15:56:15,Parrot,86.58,Parrot_dang
2025-11-22T15:56:17,Parrot,87.61,Parrot_dang
2025-11-22T15:56:18,Parrot,83.69,Parrot_dang
2025-11-22T15:56:26,Peacock1,86.28,Peacock1_dang
2025-11-22T15:56:28,Peacock1,80.90,Peacock1_dang
2025-11-22T15:56:30,Parrot,89.48,Parrot_dang
2025-11-22T15:56:31,Parrot,84.77,Parrot_dang
2025-11-22T15:56:37,Peacock1,76.07,Peacock1_dang
2025-11-22T15:56:41,Parrot,70.44,Parrot_dang
2025-11-22T16:00:39,GiantSquirrel,89.28,GiantSquirrel_dang
2025-11-22T16:00:43,GiantSquirrel,85.10,GiantSquirrel_dang
2025-11-22T16:00:44,GiantSquirrel,98.46,GiantSquirrel_dang
2025-11-22T16:00:46,GiantSquirrel,71.83,GiantSquirrel_dang
2025-11-22T16:01:08,ToqueMacaque,98.16,ToqueMacaque_dang
2025-11-22T16:01:13,ToqueMacaque,72.06,ToqueMacaque_dang
2025-11-22T16:01:15,ToqueMacaque,90.73,ToqueMacaque_dang
